month,round_no,premium_a,premium_b,slot,gap,period,transition,rolling_gap
2018-01-01,1,41400,45289,48433,3889,pre,False,
2018-01-01,2,36890,42661,48434,5771,pre,False,
2018-02-01,1,40000,42322,48435,2322,pre,False,3889.0
2018-02-01,2,36810,39000,48436,2190,pre,False,2322.0
2018-03-01,1,38830,39001,48437,171,pre,False,2190.0
2018-03-01,2,38000,37010,48438,-990,pre,False,171.0
2018-04-01,1,37000,37605,48439,605,pre,False,171.0
2018-04-01,2,38510,37330,48440,-1180,pre,False,-990.0
2018-05-01,1,38941,38501,48441,-440,pre,False,-440.0
2018-05-01,2,38001,37989,48442,-12,pre,False,-440.0
2018-06-01,1,36426,36000,48443,-426,pre,False,-426.0
2018-06-01,2,34110,33900,48444,-210,pre,False,-210.0
2018-07-01,1,25000,31000,48445,6000,pre,False,-210.0
2018-07-01,2,32699,32551,48446,-148,pre,False,-148.0
2018-08-01,1,33798,34381,48447,583,pre,False,583.0
2018-08-01,2,31997,32429,48448,432,pre,False,432.0
2018-09-01,1,30209,32001,48449,1792,pre,False,583.0
2018-09-01,2,28000,31307,48450,3307,pre,False,1792.0
2018-10-01,1,28457,31301,48451,2844,pre,False,2844.0
2018-10-01,2,25556,31302,48452,5746,pre,False,3307.0
2018-11-01,1,28199,32302,48453,4103,pre,False,4103.0
2018-11-01,2,25000,31101,48454,6101,pre,False,5746.0
2018-12-01,1,23568,31001,48455,7433,pre,False,6101.0
2018-12-01,2,25501,31001,48456,5500,pre,False,6101.0
2019-01-01,1,25920,32200,48457,6280,pre,False,6280.0
2019-01-01,2,26170,33989,48458,7819,pre,False,6280.0
2019-02-01,1,25689,34509,48459,8820,pre,False,7819.0
2019-02-01,2,26301,35403,48460,9102,pre,False,8820.0
2019-03-01,1,26309,36961,48461,10652,pre,False,9102.0
2019-03-01,2,26659,39401,48462,12742,pre,False,10652.0
2019-04-01,1,29159,43102,48463,13943,pre,False,12742.0
2019-04-01,2,33199,48000,48464,14801,pre,False,13943.0
2019-05-01,1,36704,48010,48465,11306,pre,False,13943.0
2019-05-01,2,27000,42564,48466,15564,pre,False,14801.0
2019-06-01,1,30009,39728,48467,9719,pre,False,11306.0
2019-06-01,2,26999,35906,48468,8907,pre,False,9719.0
2019-07-01,1,28589,34000,48469,5411,pre,False,8907.0
2019-07-01,2,26667,39406,48470,12739,pre,False,8907.0
2019-08-01,1,32725,40001,48471,7276,pre,False,7276.0
2019-08-01,2,31917,38602,48472,6685,pre,False,7276.0
2019-09-01,1,31783,36001,48473,4218,pre,False,6685.0
2019-09-01,2,31759,37000,48474,5241,pre,False,5241.0
2019-10-01,1,34001,41361,48475,7360,pre,False,5241.0
2019-10-01,2,32309,41805,48476,9496,pre,False,7360.0
2019-11-01,1,30000,40009,48477,10009,pre,False,9496.0
2019-11-01,2,32000,39700,48478,7700,pre,False,9496.0
2019-12-01,1,33009,37900,48479,4891,pre,False,7700.0
2019-12-01,2,32889,36000,48480,3111,pre,False,4891.0
2020-01-01,1,35320,37109,48481,1789,pre,False,3111.0
2020-01-01,2,35010,37705,48482,2695,pre,False,2695.0
2020-02-01,1,30010,30890,48483,880,pre,False,1789.0
2020-02-01,2,32999,32889,48484,-110,pre,False,880.0
2020-03-01,1,32699,32801,48485,102,pre,False,102.0
2020-03-01,2,31210,30012,48486,-1198,pre,False,-110.0
2020-07-01,1,33520,35889,48493,2369,pre,False,
2020-07-01,2,32699,35001,48494,2302,pre,False,
2020-08-01,1,33000,37102,48495,4102,pre,False,2369.0
2020-08-01,2,35710,38802,48496,3092,pre,False,3092.0
2020-09-01,1,37766,41510,48497,3744,pre,False,3744.0
2020-09-01,2,38504,40989,48498,2485,pre,False,3092.0
2020-10-01,1,36534,40690,48499,4156,pre,False,3744.0
2020-10-01,2,37334,40990,48500,3656,pre,False,3656.0
2020-11-01,1,35990,39000,48501,3010,pre,False,3656.0
2020-11-01,2,37690,41101,48502,3411,pre,False,3411.0
2020-12-01,1,40714,45012,48503,4298,pre,False,3411.0
2020-12-01,2,40556,49300,48504,8744,pre,False,4298.0
2021-01-01,1,40609,49001,48505,8392,pre,False,8392.0
2021-01-01,2,43501,50100,48506,6599,pre,False,8392.0
2021-02-01,1,42000,46790,48507,4790,pre,False,6599.0
2021-02-01,2,41001,46002,48508,5001,pre,False,5001.0
2021-03-01,1,41996,45001,48509,3005,pre,False,4790.0
2021-03-01,2,44589,47001,48510,2412,pre,False,3005.0
2021-04-01,1,45600,52309,48511,6709,pre,False,3005.0
2021-04-01,2,49640,61190,48512,11550,pre,False,6709.0
2021-05-01,1,48002,60001,48513,11999,pre,False,11550.0
2021-05-01,2,41801,58089,48514,16288,pre,False,11999.0
2021-06-01,1,48510,60109,48515,11599,pre,False,11999.0
2021-06-01,2,47821,56032,48516,8211,pre,False,11599.0
2021-07-01,1,45001,56100,48517,11099,pre,False,11099.0
2021-07-01,2,47010,59501,48518,12491,pre,False,11099.0
2021-08-01,1,45189,56001,48519,10812,pre,False,11099.0
2021-08-01,2,46689,61001,48520,14312,pre,False,12491.0
2021-09-01,1,47000,62600,48521,15600,pre,False,14312.0
2021-09-01,2,48000,68310,48522,20310,pre,False,15600.0
2021-10-01,1,47001,70200,48523,23199,pre,False,20310.0
2021-10-01,2,52709,80210,48524,27501,pre,False,23199.0
2021-11-01,1,53709,82801,48525,29092,pre,False,27501.0
2021-11-01,2,55001,79601,48526,24600,pre,False,27501.0
2021-12-01,1,57010,80401,48527,23391,pre,False,24600.0
2021-12-01,2,58801,80989,48528,22188,pre,False,23391.0
2022-01-01,1,57599,77700,48529,20101,pre,False,22188.0
2022-01-01,2,57898,82001,48530,24103,pre,False,22188.0
2022-02-01,1,60761,86102,48531,25341,pre,False,24103.0
2022-02-01,2,63000,93590,48532,30590,pre,False,25341.0
2022-03-01,1,68501,94889,48533,26388,pre,False,26388.0
2022-03-01,2,71556,98889,48534,27333,pre,False,27333.0
2022-04-01,1,72996,98389,48535,25393,pre,True,26388.0
2022-04-01,2,68699,90002,48536,21303,pre,True,25393.0
2022-05-01,1,70901,92090,48537,21189,post,True,21303.0
2022-05-01,2,68001,95889,48538,27888,post,True,21303.0
2022-06-01,1,73801,100684,48539,26883,post,False,26883.0
2022-06-01,2,74989,106001,48540,31012,post,False,27888.0
2022-07-01,1,78001,107800,48541,29799,post,False,29799.0
2022-07-01,2,78899,110003,48542,31104,post,False,31012.0
2022-08-01,1,80000,107001,48543,27001,post,False,29799.0
2022-08-01,2,87889,112001,48544,24112,post,False,27001.0
2022-09-01,1,86000,113000,48545,27000,post,False,27000.0
2022-09-01,2,84000,108051,48546,24051,post,False,24112.0
2022-10-01,1,80501,95856,48547,15355,post,False,24051.0
2022-10-01,2,81089,110000,48548,28911,post,False,24051.0
2022-11-01,1,87235,115388,48549,28153,post,False,28153.0
2022-11-01,2,90589,113881,48550,23292,post,False,28153.0
2022-12-01,1,88503,105501,48551,16998,post,False,23292.0
2022-12-01,2,88007,108006,48552,19999,post,False,19999.0
2023-01-01,1,80000,102002,48553,22002,post,False,19999.0
2023-01-01,2,86000,105459,48554,19459,post,False,19999.0
2023-02-01,1,86000,105524,48555,19524,post,False,19524.0
2023-02-01,2,86556,115001,48556,28445,post,False,19524.0
2023-03-01,1,88000,115501,48557,27501,post,False,27501.0
2023-03-01,2,93503,116201,48558,22698,post,False,27501.0
2023-04-01,1,96501,118501,48559,22000,post,False,22698.0
2023-04-01,2,103721,120889,48560,17168,post,False,22000.0
2023-05-01,1,101001,119399,48561,18398,post,False,18398.0
2023-05-01,2,92000,113034,48562,21034,post,False,18398.0
2023-06-01,1,98001,120702,48563,22701,post,False,21034.0
2023-06-01,2,96206,121000,48564,24794,post,False,22701.0
2023-07-01,1,97000,118002,48565,21002,post,False,22701.0
2023-07-01,2,95202,118001,48566,22799,post,False,22799.0
2023-08-01,1,99499,126889,48567,27390,post,False,22799.0
2023-08-01,2,100000,129890,48568,29890,post,False,27390.0
2023-09-01,1,101000,134889,48569,33889,post,False,29890.0
2023-09-01,2,105000,140889,48570,35889,post,False,33889.0
2023-10-01,1,104000,146002,48571,42002,post,False,35889.0
2023-10-01,2,106000,150001,48572,44001,post,False,42002.0
2023-11-01,1,95689,110001,48573,14312,post,False,42002.0
2023-11-01,2,85001,135336,48574,50335,post,False,44001.0
2023-12-01,1,88020,130100,48575,42080,post,False,42080.0
2023-12-01,2,85000,110001,48576,25001,post,False,42080.0
2024-01-01,1,65010,85010,48577,20000,post,False,25001.0
2024-01-01,2,81589,112000,48578,30411,post,False,25001.0
2024-02-01,1,79000,102338,48579,23338,post,False,23338.0
2024-02-01,2,76801,97000,48580,20199,post,False,23338.0
2024-03-01,1,83000,96010,48581,13010,post,False,20199.0
2024-03-01,2,85489,96011,48582,10522,post,False,13010.0
2024-04-01,1,89000,101334,48583,12334,post,False,12334.0
2024-04-01,2,94010,102001,48584,7991,post,False,10522.0
2024-05-01,1,93604,105002,48585,11398,post,False,11398.0
2024-05-01,2,92700,105689,48586,12989,post,False,11398.0
2024-06-01,1,88200,100607,48587,12407,post,False,12407.0
2024-06-01,2,90889,102334,48588,11445,post,False,12407.0
2024-07-01,1,91001,100901,48589,9900,post,False,11445.0
2024-07-01,2,91899,100000,48590,8101,post,False,9900.0
2024-08-01,1,94289,106101,48591,11812,post,False,9900.0
2024-08-01,2,93900,105889,48592,11989,post,False,11812.0
2024-09-01,1,96490,106300,48593,9810,post,False,11812.0
2024-09-01,2,98524,110001,48594,11477,post,False,11477.0
2024-10-01,1,103799,116002,48595,12203,post,False,11477.0
2024-10-01,2,102900,113890,48596,10990,post,False,11477.0
2024-11-01,1,99889,108001,48597,8112,post,False,10990.0
2024-11-01,2,89889,105081,48598,15192,post,False,10990.0
2024-12-01,1,94000,103010,48599,9010,post,False,9010.0
2024-12-01,2,96000,109000,48600,13000,post,False,13000.0
2025-01-01,1,93699,121501,48601,27802,post,False,13000.0
2025-01-01,2,93601,116625,48602,23024,post,False,23024.0
2025-02-01,1,85000,111104,48603,26104,post,False,26104.0
2025-02-01,2,92850,109598,48604,16748,post,False,23024.0
2025-03-01,1,92730,113000,48605,20270,post,False,20270.0
2025-03-01,2,94502,116890,48606,22388,post,False,20270.0
2025-04-01,1,97724,117899,48607,20175,post,False,20270.0
2025-04-01,2,99500,117003,48608,17503,post,False,20175.0
2025-05-01,1,103009,119890,48609,16881,post,False,17503.0
2025-05-01,2,102501,116988,48610,14487,post,False,16881.0
2025-06-01,1,96999,113000,48611,16001,post,False,16001.0
2025-06-01,2,98124,116670,48612,18546,post,False,16001.0
2025-07-01,1,101102,119600,48613,18498,post,False,18498.0
2025-07-01,2,101102,119101,48614,17999,post,False,18498.0
2025-08-01,1,102009,123498,48615,21489,post,False,18498.0
2025-08-01,2,104524,124400,48616,19876,post,False,19876.0
2025-09-01,1,107889,127501,48617,19612,post,False,19876.0
2025-09-01,2,119003,136890,48618,17887,post,False,19612.0
2025-10-01,1,128105,141000,48619,12895,post,False,17887.0
2025-10-01,2,122000,131889,48620,9889,post,False,12895.0
2025-11-01,1,110002,115001,48621,4999,post,False,9889.0
2025-11-01,2,109000,129890,48622,20890,post,False,9889.0
2025-12-01,1,105413,123900,48623,18487,post,False,18487.0
2025-12-01,2,109501,115102,48624,5601,post,False,18487.0
2026-01-01,1,102009,119100,48625,17091,post,False,17091.0
2026-01-01,2,109501,121634,48626,12133,post,False,12133.0
2026-02-01,1,106320,110890,48627,4570,post,False,12133.0
2026-02-01,2,106501,105001,48628,-1500,post,False,4570.0
2026-03-01,1,108220,114002,48629,5782,post,False,4570.0
2026-03-01,2,111890,115568,48630,3678,post,False,3678.0
2026-04-01,1,118000,121000,48631,3000,post,False,3678.0
2026-04-01,2,123010,121001,48632,-2009,post,False,3000.0
2026-05-01,1,124790,126236,48633,1446,post,False,1446.0
2026-05-01,2,124229,129501,48634,5272,post,False,1446.0
2026-06-01,1,126009,126989,48635,980,post,False,1446.0
2026-06-01,2,123847,123502,48636,-345,post,False,980.0
2026-07-01,1,129000,130889,48637,1889,post,False,980.0
2026-07-01,2,126000,129890,48638,3890,post,False,1889.0
2026-08-01,1,123890,129910,48639,6020,post,False,3890.0
2026-08-01,2,128501,131001,48640,2500,post,False,3890.0
2026-09-01,1,133009,135001,48641,1992,post,False,2500.0
2026-09-01,2,131890,133000,48642,1110,post,False,1992.0
