window,variant,period,start_month,end_month,start_round,end_round,n_exercises,n_round1,n_round2,median_a,min_a,max_a,median_b,min_b,max_b,median_gap,min_gap,max_gap
structural,all,post,2022-05-01,2026-09-01,1,2,106,53,53,96103.0,65010,133009,115051.5,85010,150001,18198.5,-2009,50335
structural,all,pre,2018-01-01,2022-04-01,1,2,98,49,49,36619.0,23568,72996,40005.0,30012,98889,6190.5,-1198,30590
structural,exclude_transition,post,2022-06-01,2026-09-01,1,2,104,52,52,96348.0,65010,133009,115245.0,85010,150001,17943.0,-2009,50335
structural,exclude_transition,pre,2018-01-01,2022-03-01,1,2,96,48,48,36480.0,23568,71556,39864.5,30012,98889,6050.5,-1198,30590
structural,round1,post,2022-05-01,2026-09-01,1,1,53,53,0,96501.0,65010,133009,115001.0,85010,146002,18398.0,980,42080
structural,round1,pre,2018-01-01,2022-04-01,1,1,49,49,0,36534.0,23568,72996,40009.0,30890,98389,6000.0,-440,29092
tight,all,post,2022-05-01,2023-04-01,1,2,24,12,12,86000.0,68001,103721,108028.5,92090,120889,24081.5,15355,31104
tight,all,pre,2021-05-01,2022-04-01,1,2,24,12,12,53209.0,41801,72996,78650.5,56001,98889,21745.5,8211,30590
tight,exclude_transition,post,2022-06-01,2023-04-01,1,2,22,11,11,86000.0,73801,103721,109025.5,95856,120889,24081.5,15355,31104
tight,exclude_transition,pre,2021-05-01,2022-03-01,1,2,22,11,11,50609.5,41801,71556,73950.0,56001,98889,21249.0,8211,30590
tight,round1,post,2022-05-01,2023-04-01,1,1,12,12,0,83250.5,70901,96501,106262.5,92090,118501,24442.5,15355,29799
tight,round1,pre,2021-05-01,2022-04-01,1,1,12,12,0,51109.5,45001,72996,73950.0,56001,98389,21650.0,10812,29092
